--
-- PostgreSQL database dump
--

-- Dumped from database version 15.12 (Debian 15.12-1.pgdg120+1)
-- Dumped by pg_dump version 15.13 (Debian 15.13-0+deb12u1)

SET statement_timeout = 0;
SET lock_timeout = 0;
SET idle_in_transaction_session_timeout = 0;
SET client_encoding = 'UTF8';
SET standard_conforming_strings = on;
SELECT pg_catalog.set_config('search_path', '', false);
SET check_function_bodies = false;
SET xmloption = content;
SET client_min_messages = warning;
SET row_security = off;

SET default_tablespace = '';

SET default_table_access_method = heap;

--
-- Name: auth_group; Type: TABLE; Schema: public; Owner: equipo
--

CREATE TABLE public.auth_group (
    id integer NOT NULL,
    name character varying(150) NOT NULL
);


ALTER TABLE public.auth_group OWNER TO equipo;

--
-- Name: auth_group_id_seq; Type: SEQUENCE; Schema: public; Owner: equipo
--

ALTER TABLE public.auth_group ALTER COLUMN id ADD GENERATED BY DEFAULT AS IDENTITY (
    SEQUENCE NAME public.auth_group_id_seq
    START WITH 1
    INCREMENT BY 1
    NO MINVALUE
    NO MAXVALUE
    CACHE 1
);


--
-- Name: auth_group_permissions; Type: TABLE; Schema: public; Owner: equipo
--

CREATE TABLE public.auth_group_permissions (
    id bigint NOT NULL,
    group_id integer NOT NULL,
    permission_id integer NOT NULL
);


ALTER TABLE public.auth_group_permissions OWNER TO equipo;

--
-- Name: auth_group_permissions_id_seq; Type: SEQUENCE; Schema: public; Owner: equipo
--

ALTER TABLE public.auth_group_permissions ALTER COLUMN id ADD GENERATED BY DEFAULT AS IDENTITY (
    SEQUENCE NAME public.auth_group_permissions_id_seq
    START WITH 1
    INCREMENT BY 1
    NO MINVALUE
    NO MAXVALUE
    CACHE 1
);


--
-- Name: auth_permission; Type: TABLE; Schema: public; Owner: equipo
--

CREATE TABLE public.auth_permission (
    id integer NOT NULL,
    name character varying(255) NOT NULL,
    content_type_id integer NOT NULL,
    codename character varying(100) NOT NULL
);


ALTER TABLE public.auth_permission OWNER TO equipo;

--
-- Name: auth_permission_id_seq; Type: SEQUENCE; Schema: public; Owner: equipo
--

ALTER TABLE public.auth_permission ALTER COLUMN id ADD GENERATED BY DEFAULT AS IDENTITY (
    SEQUENCE NAME public.auth_permission_id_seq
    START WITH 1
    INCREMENT BY 1
    NO MINVALUE
    NO MAXVALUE
    CACHE 1
);


--
-- Name: auth_user; Type: TABLE; Schema: public; Owner: equipo
--

CREATE TABLE public.auth_user (
    id integer NOT NULL,
    password character varying(128) NOT NULL,
    last_login timestamp with time zone,
    is_superuser boolean NOT NULL,
    username character varying(150) NOT NULL,
    first_name character varying(150) NOT NULL,
    last_name character varying(150) NOT NULL,
    email character varying(254) NOT NULL,
    is_staff boolean NOT NULL,
    is_active boolean NOT NULL,
    date_joined timestamp with time zone NOT NULL
);


ALTER TABLE public.auth_user OWNER TO equipo;

--
-- Name: auth_user_groups; Type: TABLE; Schema: public; Owner: equipo
--

CREATE TABLE public.auth_user_groups (
    id bigint NOT NULL,
    user_id integer NOT NULL,
    group_id integer NOT NULL
);


ALTER TABLE public.auth_user_groups OWNER TO equipo;

--
-- Name: auth_user_groups_id_seq; Type: SEQUENCE; Schema: public; Owner: equipo
--

ALTER TABLE public.auth_user_groups ALTER COLUMN id ADD GENERATED BY DEFAULT AS IDENTITY (
    SEQUENCE NAME public.auth_user_groups_id_seq
    START WITH 1
    INCREMENT BY 1
    NO MINVALUE
    NO MAXVALUE
    CACHE 1
);


--
-- Name: auth_user_id_seq; Type: SEQUENCE; Schema: public; Owner: equipo
--

ALTER TABLE public.auth_user ALTER COLUMN id ADD GENERATED BY DEFAULT AS IDENTITY (
    SEQUENCE NAME public.auth_user_id_seq
    START WITH 1
    INCREMENT BY 1
    NO MINVALUE
    NO MAXVALUE
    CACHE 1
);


--
-- Name: auth_user_user_permissions; Type: TABLE; Schema: public; Owner: equipo
--

CREATE TABLE public.auth_user_user_permissions (
    id bigint NOT NULL,
    user_id integer NOT NULL,
    permission_id integer NOT NULL
);


ALTER TABLE public.auth_user_user_permissions OWNER TO equipo;

--
-- Name: auth_user_user_permissions_id_seq; Type: SEQUENCE; Schema: public; Owner: equipo
--

ALTER TABLE public.auth_user_user_permissions ALTER COLUMN id ADD GENERATED BY DEFAULT AS IDENTITY (
    SEQUENCE NAME public.auth_user_user_permissions_id_seq
    START WITH 1
    INCREMENT BY 1
    NO MINVALUE
    NO MAXVALUE
    CACHE 1
);


--
-- Name: django_admin_log; Type: TABLE; Schema: public; Owner: equipo
--

CREATE TABLE public.django_admin_log (
    id integer NOT NULL,
    action_time timestamp with time zone NOT NULL,
    object_id text,
    object_repr character varying(200) NOT NULL,
    action_flag smallint NOT NULL,
    change_message text NOT NULL,
    content_type_id integer,
    user_id integer NOT NULL,
    CONSTRAINT django_admin_log_action_flag_check CHECK ((action_flag >= 0))
);


ALTER TABLE public.django_admin_log OWNER TO equipo;

--
-- Name: django_admin_log_id_seq; Type: SEQUENCE; Schema: public; Owner: equipo
--

ALTER TABLE public.django_admin_log ALTER COLUMN id ADD GENERATED BY DEFAULT AS IDENTITY (
    SEQUENCE NAME public.django_admin_log_id_seq
    START WITH 1
    INCREMENT BY 1
    NO MINVALUE
    NO MAXVALUE
    CACHE 1
);


--
-- Name: django_content_type; Type: TABLE; Schema: public; Owner: equipo
--

CREATE TABLE public.django_content_type (
    id integer NOT NULL,
    app_label character varying(100) NOT NULL,
    model character varying(100) NOT NULL
);


ALTER TABLE public.django_content_type OWNER TO equipo;

--
-- Name: django_content_type_id_seq; Type: SEQUENCE; Schema: public; Owner: equipo
--

ALTER TABLE public.django_content_type ALTER COLUMN id ADD GENERATED BY DEFAULT AS IDENTITY (
    SEQUENCE NAME public.django_content_type_id_seq
    START WITH 1
    INCREMENT BY 1
    NO MINVALUE
    NO MAXVALUE
    CACHE 1
);


--
-- Name: django_migrations; Type: TABLE; Schema: public; Owner: equipo
--

CREATE TABLE public.django_migrations (
    id bigint NOT NULL,
    app character varying(255) NOT NULL,
    name character varying(255) NOT NULL,
    applied timestamp with time zone NOT NULL
);


ALTER TABLE public.django_migrations OWNER TO equipo;

--
-- Name: django_migrations_id_seq; Type: SEQUENCE; Schema: public; Owner: equipo
--

ALTER TABLE public.django_migrations ALTER COLUMN id ADD GENERATED BY DEFAULT AS IDENTITY (
    SEQUENCE NAME public.django_migrations_id_seq
    START WITH 1
    INCREMENT BY 1
    NO MINVALUE
    NO MAXVALUE
    CACHE 1
);


--
-- Name: django_session; Type: TABLE; Schema: public; Owner: equipo
--

CREATE TABLE public.django_session (
    session_key character varying(40) NOT NULL,
    session_data text NOT NULL,
    expire_date timestamp with time zone NOT NULL
);


ALTER TABLE public.django_session OWNER TO equipo;

--
-- Name: vigifia_app_boletin; Type: TABLE; Schema: public; Owner: equipo
--

CREATE TABLE public.vigifia_app_boletin (
    id bigint NOT NULL,
    titulo character varying(200) NOT NULL,
    foto character varying(100) NOT NULL,
    fecha date NOT NULL,
    tipo character varying(100) NOT NULL,
    categoria character varying(40) NOT NULL,
    ubicacion character varying(50) NOT NULL
);


ALTER TABLE public.vigifia_app_boletin OWNER TO equipo;

--
-- Name: vigifia_app_boletin_id_seq; Type: SEQUENCE; Schema: public; Owner: equipo
--

ALTER TABLE public.vigifia_app_boletin ALTER COLUMN id ADD GENERATED BY DEFAULT AS IDENTITY (
    SEQUENCE NAME public.vigifia_app_boletin_id_seq
    START WITH 1
    INCREMENT BY 1
    NO MINVALUE
    NO MAXVALUE
    CACHE 1
);


--
-- Name: vigifia_app_fuenteexterna; Type: TABLE; Schema: public; Owner: equipo
--

CREATE TABLE public.vigifia_app_fuenteexterna (
    id bigint NOT NULL,
    tipo character varying(10) NOT NULL,
    archivo_csv character varying(100),
    nombre character varying(100) NOT NULL,
    fecha_subida timestamp with time zone NOT NULL,
    descripcion text NOT NULL,
    url_api character varying(200),
    usuario_id integer NOT NULL,
    contenido jsonb
);


ALTER TABLE public.vigifia_app_fuenteexterna OWNER TO equipo;

--
-- Name: vigifia_app_fuenteexterna_id_seq; Type: SEQUENCE; Schema: public; Owner: equipo
--

ALTER TABLE public.vigifia_app_fuenteexterna ALTER COLUMN id ADD GENERATED BY DEFAULT AS IDENTITY (
    SEQUENCE NAME public.vigifia_app_fuenteexterna_id_seq
    START WITH 1
    INCREMENT BY 1
    NO MINVALUE
    NO MAXVALUE
    CACHE 1
);


--
-- Data for Name: auth_group; Type: TABLE DATA; Schema: public; Owner: equipo
--

COPY public.auth_group (id, name) FROM stdin;
\.


--
-- Data for Name: auth_group_permissions; Type: TABLE DATA; Schema: public; Owner: equipo
--

COPY public.auth_group_permissions (id, group_id, permission_id) FROM stdin;
\.


--
-- Data for Name: auth_permission; Type: TABLE DATA; Schema: public; Owner: equipo
--

COPY public.auth_permission (id, name, content_type_id, codename) FROM stdin;
1	Can add log entry	1	add_logentry
2	Can change log entry	1	change_logentry
3	Can delete log entry	1	delete_logentry
4	Can view log entry	1	view_logentry
5	Can add permission	2	add_permission
6	Can change permission	2	change_permission
7	Can delete permission	2	delete_permission
8	Can view permission	2	view_permission
9	Can add group	3	add_group
10	Can change group	3	change_group
11	Can delete group	3	delete_group
12	Can view group	3	view_group
13	Can add user	4	add_user
14	Can change user	4	change_user
15	Can delete user	4	delete_user
16	Can view user	4	view_user
17	Can add content type	5	add_contenttype
18	Can change content type	5	change_contenttype
19	Can delete content type	5	delete_contenttype
20	Can view content type	5	view_contenttype
21	Can add session	6	add_session
22	Can change session	6	change_session
23	Can delete session	6	delete_session
24	Can view session	6	view_session
25	Can add boletin	7	add_boletin
26	Can change boletin	7	change_boletin
27	Can delete boletin	7	delete_boletin
28	Can view boletin	7	view_boletin
29	Can add fuente externa	8	add_fuenteexterna
30	Can change fuente externa	8	change_fuenteexterna
31	Can delete fuente externa	8	delete_fuenteexterna
32	Can view fuente externa	8	view_fuenteexterna
\.


--
-- Data for Name: auth_user; Type: TABLE DATA; Schema: public; Owner: equipo
--

COPY public.auth_user (id, password, last_login, is_superuser, username, first_name, last_name, email, is_staff, is_active, date_joined) FROM stdin;
1	pbkdf2_sha256$870000$Fee3Q1M7h4VpNV1CLrTZAM$jHA1jFPNQj05DG6Hds6iVi3/u7yrzZUKcaS12jPvktk=	2024-10-21 02:32:54.870595+00	t	 			benjamin.sotor@usm.cl	t	t	2024-10-21 02:32:16.580459+00
3	pbkdf2_sha256$870000$xK8I0owGn376M4IQiGG9dy$5s7a8QLCLrr/OY6SgtdhXrJZqVarXP9tNPMBaeWi71A=	2025-05-15 00:25:24.761981+00	f	MarianoVIGIFIA				f	t	2025-05-15 00:17:31.822015+00
4	pbkdf2_sha256$870000$wP0XmudazeSYNWmCzaSKNr$fhyd9SkerYS1Wc+6CPdIQ8EJYN9+/5Zm4f/ld5IuqSE=	2025-06-03 19:11:06.613056+00	f	Prueba				f	t	2025-06-03 19:10:57.30052+00
2	pbkdf2_sha256$870000$POXvhwyteBAEpmEbVgp8Px$pdEGABkHr/UwCp4AromhT0+9A0RyFiMo1Z44k1bVC3o=	2025-06-06 20:59:05.610619+00	t	667r				t	t	2025-05-14 23:58:00.2035+00
\.


--
-- Data for Name: auth_user_groups; Type: TABLE DATA; Schema: public; Owner: equipo
--

COPY public.auth_user_groups (id, user_id, group_id) FROM stdin;
\.


--
-- Data for Name: auth_user_user_permissions; Type: TABLE DATA; Schema: public; Owner: equipo
--

COPY public.auth_user_user_permissions (id, user_id, permission_id) FROM stdin;
\.


--
-- Data for Name: django_admin_log; Type: TABLE DATA; Schema: public; Owner: equipo
--

COPY public.django_admin_log (id, action_time, object_id, object_repr, action_flag, change_message, content_type_id, user_id) FROM stdin;
1	2024-10-21 03:34:13.451394+00	1	Adaptación y Mitigación al Cambio Climático. Boletín de Vigilancia e Inteligencia en Innovación, N°10 septiembre 2024	1	[{"added": {}}]	7	1
2	2024-10-21 03:34:52.919711+00	2	Adaptación y Mitigación al Cambio Climático. Boletín de Vigilancia e Inteligencia en Innovación, N°9 junio 2024	1	[{"added": {}}]	7	1
3	2024-10-21 03:35:19.628744+00	3	Gestión Sostenible de Recursos Hídricos. Boletín de Vigilancia e Inteligencia en Innovación, N°10 septiembre 2024	1	[{"added": {}}]	7	1
4	2024-10-21 03:35:45.299619+00	4	Gestión Sostenible de Recursos Hídricos. Boletín de Vigilancia e Inteligencia en Innovación, N°9 junio 2024	1	[{"added": {}}]	7	1
5	2024-10-21 03:36:15.168225+00	5	Sistemas Alimentarios Sostenibles. Boletín de Vigilancia e Inteligencia en Innovación, N°10 septiembre 2024	1	[{"added": {}}]	7	1
6	2024-10-21 03:36:40.619606+00	6	Sistemas Alimentarios Sostenibles. Boletín de Vigilancia e Inteligencia en Innovación, N°9 junio 2024	1	[{"added": {}}]	7	1
7	2024-10-21 03:52:11.283918+00	6	Sistemas Alimentarios Sostenibles. Boletín de Vigilancia e Inteligencia en Innovación, N°9 junio 2024	2	[{"changed": {"fields": ["Ubicacion"]}}]	7	1
8	2024-10-21 03:52:18.492003+00	4	Gestión Sostenible de Recursos Hídricos. Boletín de Vigilancia e Inteligencia en Innovación, N°9 junio 2024	2	[{"changed": {"fields": ["Ubicacion"]}}]	7	1
9	2024-10-21 03:52:24.312726+00	2	Adaptación y Mitigación al Cambio Climático. Boletín de Vigilancia e Inteligencia en Innovación, N°9 junio 2024	2	[{"changed": {"fields": ["Ubicacion"]}}]	7	1
10	2024-10-21 04:22:01.611169+00	7	hola lista	3		7	1
\.


--
-- Data for Name: django_content_type; Type: TABLE DATA; Schema: public; Owner: equipo
--

COPY public.django_content_type (id, app_label, model) FROM stdin;
1	admin	logentry
2	auth	permission
3	auth	group
4	auth	user
5	contenttypes	contenttype
6	sessions	session
7	vigifia_app	boletin
8	vigifia_app	fuenteexterna
\.


--
-- Data for Name: django_migrations; Type: TABLE DATA; Schema: public; Owner: equipo
--

COPY public.django_migrations (id, app, name, applied) FROM stdin;
1	contenttypes	0001_initial	2024-10-21 02:31:28.268213+00
2	auth	0001_initial	2024-10-21 02:31:28.311037+00
3	admin	0001_initial	2024-10-21 02:31:28.321319+00
4	admin	0002_logentry_remove_auto_add	2024-10-21 02:31:28.324872+00
5	admin	0003_logentry_add_action_flag_choices	2024-10-21 02:31:28.328425+00
6	contenttypes	0002_remove_content_type_name	2024-10-21 02:31:28.336088+00
7	auth	0002_alter_permission_name_max_length	2024-10-21 02:31:28.339755+00
8	auth	0003_alter_user_email_max_length	2024-10-21 02:31:28.342903+00
9	auth	0004_alter_user_username_opts	2024-10-21 02:31:28.345487+00
10	auth	0005_alter_user_last_login_null	2024-10-21 02:31:28.349208+00
11	auth	0006_require_contenttypes_0002	2024-10-21 02:31:28.350059+00
12	auth	0007_alter_validators_add_error_messages	2024-10-21 02:31:28.352673+00
13	auth	0008_alter_user_username_max_length	2024-10-21 02:31:28.358964+00
14	auth	0009_alter_user_last_name_max_length	2024-10-21 02:31:28.362602+00
15	auth	0010_alter_group_name_max_length	2024-10-21 02:31:28.367806+00
16	auth	0011_update_proxy_permissions	2024-10-21 02:31:28.370296+00
17	auth	0012_alter_user_first_name_max_length	2024-10-21 02:31:28.373249+00
18	sessions	0001_initial	2024-10-21 02:31:28.380149+00
19	vigifia_app	0001_initial	2024-10-21 03:26:31.78699+00
20	vigifia_app	0002_temas	2025-05-05 00:53:30.36271+00
21	vigifia_app	0003_alter_temas_tema	2025-05-05 00:53:30.367056+00
22	vigifia_app	0004_alter_temas_region	2025-05-05 00:53:30.369991+00
23	vigifia_app	0005_rename_info_temas_informacion	2025-05-05 00:53:30.374187+00
24	vigifia_app	0002_customuser	2025-05-05 00:53:30.417174+00
25	vigifia_app	0003_delete_customuser	2025-05-05 00:53:30.423129+00
26	vigifia_app	0004_customuser	2025-05-05 00:53:30.440477+00
27	vigifia_app	0005_delete_customuser	2025-05-05 00:53:30.443831+00
28	vigifia_app	0006_merge_20241126_0210	2025-05-05 00:53:30.447831+00
29	vigifia_app	0007_delete_temas	2025-05-05 00:53:30.451446+00
30	vigifia_app	0008_fuenteexterna	2025-05-05 00:53:30.472601+00
31	vigifia_app	0009_alter_fuenteexterna_archivo_csv	2025-05-05 00:53:30.480356+00
32	vigifia_app	0010_fuenteexterna_contenido	2025-06-06 19:53:56.37666+00
\.


--
-- Data for Name: django_session; Type: TABLE DATA; Schema: public; Owner: equipo
--

COPY public.django_session (session_key, session_data, expire_date) FROM stdin;
l2zi62n7pofya369sj29dh3fwhqeijro	.eJxVjDsOwjAQRO_iGln2Gv8o6XMGy95dcAA5UpxUiLuTSCmgnHlv5i1SXpea1s5zGklchBan365kfHLbAT1yu08Sp7bMY5G7Ig_a5TARv66H-3dQc6_bOp6B2ZJz5K1FYgpgTXHhFsgo7yMjoM4IW_ZscoGoQaFnW0hpKEZ8vvCGODY:1t2iE2:fXu6yA4MCNmDW-BjJVBBG1DeGe_jsN1GlBYQaG1Qz3A	2024-11-04 02:32:54.871734+00
2c4m916tay9ez3buy86app6er6p5pq37	.eJxVjMEOwiAQRP-FsyELRdx69N5vIAsLUjWQlPZk_Hdp0oMeZ96beQtH25rd1uLiZhZXocXpt_MUnrHsgB9U7lWGWtZl9nJX5EGbnCrH1-1w_w4ytdzXQ2DNQEDjYNEiMyuDSYM3AdBorcD3oCDhAJqNjZ5M6vZl9Mh4tuLzBdRFN1g:1uFM2x:ITKKOvT55vjTXkjn9A7Ye-FQjzZsnej6NxPE01WERH4	2025-05-29 00:01:59.446056+00
qmgcd3nt53d6pcwmsx7y3yalkbshhaan	.eJxVjMEOwiAQRP-FsyELRdx69N5vIAsLUjWQlPZk_Hdp0oMeZ96beQtH25rd1uLiZhZXocXpt_MUnrHsgB9U7lWGWtZl9nJX5EGbnCrH1-1w_w4ytdzXQ2DNQEDjYNEiMyuDSYM3AdBorcD3oCDhAJqNjZ5M6vZl9Mh4tuLzBdRFN1g:1uFMPn:tXQk7qJqVO80y_sVponc23HIzJ6N13_njUPhk3m7O_A	2025-05-29 00:25:35.777648+00
79gw4ow38vbgwoddqfx7oq58ikh098qn	.eJxVjMEOwiAQRP-FsyELRdx69N5vIAsLUjWQlPZk_Hdp0oMeZ96beQtH25rd1uLiZhZXocXpt_MUnrHsgB9U7lWGWtZl9nJX5EGbnCrH1-1w_w4ytdzXQ2DNQEDjYNEiMyuDSYM3AdBorcD3oCDhAJqNjZ5M6vZl9Mh4tuLzBdRFN1g:1uNe9Z:fqhFcKpnvEKkg5K4LAC2_7UrPMNL-7wuNojEFy23nGg	2025-06-20 20:59:05.614636+00
\.


--
-- Data for Name: vigifia_app_boletin; Type: TABLE DATA; Schema: public; Owner: equipo
--

COPY public.vigifia_app_boletin (id, titulo, foto, fecha, tipo, categoria, ubicacion) FROM stdin;
1	Adaptación y Mitigación al Cambio Climático. Boletín de Vigilancia e Inteligencia en Innovación, N°10 septiembre 2024	boletines/7799467.png	2024-09-26	Boletín de vigilancia	Cambio climático	Región Metropolitana
3	Gestión Sostenible de Recursos Hídricos. Boletín de Vigilancia e Inteligencia en Innovación, N°10 septiembre 2024	boletines/Global-water-resources.jpg	2024-09-26	Boletín de vigilancia	Recursos hídricos	Región Metropolitana
5	Sistemas Alimentarios Sostenibles. Boletín de Vigilancia e Inteligencia en Innovación, N°10 septiembre 2024	boletines/646daa31dc044_wR-7O-q3i.webp	2024-09-26	Boletín de vigilancia	Sistemas alimentarios	Región Metropolitana
6	Sistemas Alimentarios Sostenibles. Boletín de Vigilancia e Inteligencia en Innovación, N°9 junio 2024	boletines/646daa31dc044_wR-7O-q3i_c6c4Gjb.webp	2024-06-28	Boletín de vigilancia	Sistemas alimentarios	Los Lagos
4	Gestión Sostenible de Recursos Hídricos. Boletín de Vigilancia e Inteligencia en Innovación, N°9 junio 2024	boletines/Global-water-resources_AsPdcrv.jpg	2024-06-28	Boletín de vigilancia	Recursos hídricos	Los Lagos
2	Adaptación y Mitigación al Cambio Climático. Boletín de Vigilancia e Inteligencia en Innovación, N°9 junio 2024	boletines/7799467_kNjVTpS.png	2024-06-28	Boletín de vigilancia	Cambio climático	Los Lagos
\.


--
-- Data for Name: vigifia_app_fuenteexterna; Type: TABLE DATA; Schema: public; Owner: equipo
--

COPY public.vigifia_app_fuenteexterna (id, tipo, archivo_csv, nombre, fecha_subida, descripcion, url_api, usuario_id, contenido) FROM stdin;
12	api		hola	2025-06-06 21:25:36.156621+00		https://dog.ceo/api/breeds/image/random	2	{"status": "success", "message": "https://images.dog.ceo/breeds/boxer/n02108089_2723.jpg"}
\.


--
-- Name: auth_group_id_seq; Type: SEQUENCE SET; Schema: public; Owner: equipo
--

SELECT pg_catalog.setval('public.auth_group_id_seq', 1, false);


--
-- Name: auth_group_permissions_id_seq; Type: SEQUENCE SET; Schema: public; Owner: equipo
--

SELECT pg_catalog.setval('public.auth_group_permissions_id_seq', 1, false);


--
-- Name: auth_permission_id_seq; Type: SEQUENCE SET; Schema: public; Owner: equipo
--

SELECT pg_catalog.setval('public.auth_permission_id_seq', 32, true);


--
-- Name: auth_user_groups_id_seq; Type: SEQUENCE SET; Schema: public; Owner: equipo
--

SELECT pg_catalog.setval('public.auth_user_groups_id_seq', 1, false);


--
-- Name: auth_user_id_seq; Type: SEQUENCE SET; Schema: public; Owner: equipo
--

SELECT pg_catalog.setval('public.auth_user_id_seq', 4, true);


--
-- Name: auth_user_user_permissions_id_seq; Type: SEQUENCE SET; Schema: public; Owner: equipo
--

SELECT pg_catalog.setval('public.auth_user_user_permissions_id_seq', 1, false);


--
-- Name: django_admin_log_id_seq; Type: SEQUENCE SET; Schema: public; Owner: equipo
--

SELECT pg_catalog.setval('public.django_admin_log_id_seq', 10, true);


--
-- Name: django_content_type_id_seq; Type: SEQUENCE SET; Schema: public; Owner: equipo
--

SELECT pg_catalog.setval('public.django_content_type_id_seq', 8, true);


--
-- Name: django_migrations_id_seq; Type: SEQUENCE SET; Schema: public; Owner: equipo
--

SELECT pg_catalog.setval('public.django_migrations_id_seq', 32, true);


--
-- Name: vigifia_app_boletin_id_seq; Type: SEQUENCE SET; Schema: public; Owner: equipo
--

SELECT pg_catalog.setval('public.vigifia_app_boletin_id_seq', 7, true);


--
-- Name: vigifia_app_fuenteexterna_id_seq; Type: SEQUENCE SET; Schema: public; Owner: equipo
--

SELECT pg_catalog.setval('public.vigifia_app_fuenteexterna_id_seq', 12, true);


--
-- Name: auth_group auth_group_name_key; Type: CONSTRAINT; Schema: public; Owner: equipo
--

ALTER TABLE ONLY public.auth_group
    ADD CONSTRAINT auth_group_name_key UNIQUE (name);


--
-- Name: auth_group_permissions auth_group_permissions_group_id_permission_id_0cd325b0_uniq; Type: CONSTRAINT; Schema: public; Owner: equipo
--

ALTER TABLE ONLY public.auth_group_permissions
    ADD CONSTRAINT auth_group_permissions_group_id_permission_id_0cd325b0_uniq UNIQUE (group_id, permission_id);


--
-- Name: auth_group_permissions auth_group_permissions_pkey; Type: CONSTRAINT; Schema: public; Owner: equipo
--

ALTER TABLE ONLY public.auth_group_permissions
    ADD CONSTRAINT auth_group_permissions_pkey PRIMARY KEY (id);


--
-- Name: auth_group auth_group_pkey; Type: CONSTRAINT; Schema: public; Owner: equipo
--

ALTER TABLE ONLY public.auth_group
    ADD CONSTRAINT auth_group_pkey PRIMARY KEY (id);


--
-- Name: auth_permission auth_permission_content_type_id_codename_01ab375a_uniq; Type: CONSTRAINT; Schema: public; Owner: equipo
--

ALTER TABLE ONLY public.auth_permission
    ADD CONSTRAINT auth_permission_content_type_id_codename_01ab375a_uniq UNIQUE (content_type_id, codename);


--
-- Name: auth_permission auth_permission_pkey; Type: CONSTRAINT; Schema: public; Owner: equipo
--

ALTER TABLE ONLY public.auth_permission
    ADD CONSTRAINT auth_permission_pkey PRIMARY KEY (id);


--
-- Name: auth_user_groups auth_user_groups_pkey; Type: CONSTRAINT; Schema: public; Owner: equipo
--

ALTER TABLE ONLY public.auth_user_groups
    ADD CONSTRAINT auth_user_groups_pkey PRIMARY KEY (id);


--
-- Name: auth_user_groups auth_user_groups_user_id_group_id_94350c0c_uniq; Type: CONSTRAINT; Schema: public; Owner: equipo
--

ALTER TABLE ONLY public.auth_user_groups
    ADD CONSTRAINT auth_user_groups_user_id_group_id_94350c0c_uniq UNIQUE (user_id, group_id);


--
-- Name: auth_user auth_user_pkey; Type: CONSTRAINT; Schema: public; Owner: equipo
--

ALTER TABLE ONLY public.auth_user
    ADD CONSTRAINT auth_user_pkey PRIMARY KEY (id);


--
-- Name: auth_user_user_permissions auth_user_user_permissions_pkey; Type: CONSTRAINT; Schema: public; Owner: equipo
--

ALTER TABLE ONLY public.auth_user_user_permissions
    ADD CONSTRAINT auth_user_user_permissions_pkey PRIMARY KEY (id);


--
-- Name: auth_user_user_permissions auth_user_user_permissions_user_id_permission_id_14a6b632_uniq; Type: CONSTRAINT; Schema: public; Owner: equipo
--

ALTER TABLE ONLY public.auth_user_user_permissions
    ADD CONSTRAINT auth_user_user_permissions_user_id_permission_id_14a6b632_uniq UNIQUE (user_id, permission_id);


--
-- Name: auth_user auth_user_username_key; Type: CONSTRAINT; Schema: public; Owner: equipo
--

ALTER TABLE ONLY public.auth_user
    ADD CONSTRAINT auth_user_username_key UNIQUE (username);


--
-- Name: django_admin_log django_admin_log_pkey; Type: CONSTRAINT; Schema: public; Owner: equipo
--

ALTER TABLE ONLY public.django_admin_log
    ADD CONSTRAINT django_admin_log_pkey PRIMARY KEY (id);


--
-- Name: django_content_type django_content_type_app_label_model_76bd3d3b_uniq; Type: CONSTRAINT; Schema: public; Owner: equipo
--

ALTER TABLE ONLY public.django_content_type
    ADD CONSTRAINT django_content_type_app_label_model_76bd3d3b_uniq UNIQUE (app_label, model);


--
-- Name: django_content_type django_content_type_pkey; Type: CONSTRAINT; Schema: public; Owner: equipo
--

ALTER TABLE ONLY public.django_content_type
    ADD CONSTRAINT django_content_type_pkey PRIMARY KEY (id);


--
-- Name: django_migrations django_migrations_pkey; Type: CONSTRAINT; Schema: public; Owner: equipo
--

ALTER TABLE ONLY public.django_migrations
    ADD CONSTRAINT django_migrations_pkey PRIMARY KEY (id);


--
-- Name: django_session django_session_pkey; Type: CONSTRAINT; Schema: public; Owner: equipo
--

ALTER TABLE ONLY public.django_session
    ADD CONSTRAINT django_session_pkey PRIMARY KEY (session_key);


--
-- Name: vigifia_app_boletin vigifia_app_boletin_pkey; Type: CONSTRAINT; Schema: public; Owner: equipo
--

ALTER TABLE ONLY public.vigifia_app_boletin
    ADD CONSTRAINT vigifia_app_boletin_pkey PRIMARY KEY (id);


--
-- Name: vigifia_app_fuenteexterna vigifia_app_fuenteexterna_pkey; Type: CONSTRAINT; Schema: public; Owner: equipo
--

ALTER TABLE ONLY public.vigifia_app_fuenteexterna
    ADD CONSTRAINT vigifia_app_fuenteexterna_pkey PRIMARY KEY (id);


--
-- Name: auth_group_name_a6ea08ec_like; Type: INDEX; Schema: public; Owner: equipo
--

CREATE INDEX auth_group_name_a6ea08ec_like ON public.auth_group USING btree (name varchar_pattern_ops);


--
-- Name: auth_group_permissions_group_id_b120cbf9; Type: INDEX; Schema: public; Owner: equipo
--

CREATE INDEX auth_group_permissions_group_id_b120cbf9 ON public.auth_group_permissions USING btree (group_id);


--
-- Name: auth_group_permissions_permission_id_84c5c92e; Type: INDEX; Schema: public; Owner: equipo
--

CREATE INDEX auth_group_permissions_permission_id_84c5c92e ON public.auth_group_permissions USING btree (permission_id);


--
-- Name: auth_permission_content_type_id_2f476e4b; Type: INDEX; Schema: public; Owner: equipo
--

CREATE INDEX auth_permission_content_type_id_2f476e4b ON public.auth_permission USING btree (content_type_id);


--
-- Name: auth_user_groups_group_id_97559544; Type: INDEX; Schema: public; Owner: equipo
--

CREATE INDEX auth_user_groups_group_id_97559544 ON public.auth_user_groups USING btree (group_id);


--
-- Name: auth_user_groups_user_id_6a12ed8b; Type: INDEX; Schema: public; Owner: equipo
--

CREATE INDEX auth_user_groups_user_id_6a12ed8b ON public.auth_user_groups USING btree (user_id);


--
-- Name: auth_user_user_permissions_permission_id_1fbb5f2c; Type: INDEX; Schema: public; Owner: equipo
--

CREATE INDEX auth_user_user_permissions_permission_id_1fbb5f2c ON public.auth_user_user_permissions USING btree (permission_id);


--
-- Name: auth_user_user_permissions_user_id_a95ead1b; Type: INDEX; Schema: public; Owner: equipo
--

CREATE INDEX auth_user_user_permissions_user_id_a95ead1b ON public.auth_user_user_permissions USING btree (user_id);


--
-- Name: auth_user_username_6821ab7c_like; Type: INDEX; Schema: public; Owner: equipo
--

CREATE INDEX auth_user_username_6821ab7c_like ON public.auth_user USING btree (username varchar_pattern_ops);


--
-- Name: django_admin_log_content_type_id_c4bce8eb; Type: INDEX; Schema: public; Owner: equipo
--

CREATE INDEX django_admin_log_content_type_id_c4bce8eb ON public.django_admin_log USING btree (content_type_id);


--
-- Name: django_admin_log_user_id_c564eba6; Type: INDEX; Schema: public; Owner: equipo
--

CREATE INDEX django_admin_log_user_id_c564eba6 ON public.django_admin_log USING btree (user_id);


--
-- Name: django_session_expire_date_a5c62663; Type: INDEX; Schema: public; Owner: equipo
--

CREATE INDEX django_session_expire_date_a5c62663 ON public.django_session USING btree (expire_date);


--
-- Name: django_session_session_key_c0390e0f_like; Type: INDEX; Schema: public; Owner: equipo
--

CREATE INDEX django_session_session_key_c0390e0f_like ON public.django_session USING btree (session_key varchar_pattern_ops);


--
-- Name: vigifia_app_fuenteexterna_usuario_id_e547b1ad; Type: INDEX; Schema: public; Owner: equipo
--

CREATE INDEX vigifia_app_fuenteexterna_usuario_id_e547b1ad ON public.vigifia_app_fuenteexterna USING btree (usuario_id);


--
-- Name: auth_group_permissions auth_group_permissio_permission_id_84c5c92e_fk_auth_perm; Type: FK CONSTRAINT; Schema: public; Owner: equipo
--

ALTER TABLE ONLY public.auth_group_permissions
    ADD CONSTRAINT auth_group_permissio_permission_id_84c5c92e_fk_auth_perm FOREIGN KEY (permission_id) REFERENCES public.auth_permission(id) DEFERRABLE INITIALLY DEFERRED;


--
-- Name: auth_group_permissions auth_group_permissions_group_id_b120cbf9_fk_auth_group_id; Type: FK CONSTRAINT; Schema: public; Owner: equipo
--

ALTER TABLE ONLY public.auth_group_permissions
    ADD CONSTRAINT auth_group_permissions_group_id_b120cbf9_fk_auth_group_id FOREIGN KEY (group_id) REFERENCES public.auth_group(id) DEFERRABLE INITIALLY DEFERRED;


--
-- Name: auth_permission auth_permission_content_type_id_2f476e4b_fk_django_co; Type: FK CONSTRAINT; Schema: public; Owner: equipo
--

ALTER TABLE ONLY public.auth_permission
    ADD CONSTRAINT auth_permission_content_type_id_2f476e4b_fk_django_co FOREIGN KEY (content_type_id) REFERENCES public.django_content_type(id) DEFERRABLE INITIALLY DEFERRED;


--
-- Name: auth_user_groups auth_user_groups_group_id_97559544_fk_auth_group_id; Type: FK CONSTRAINT; Schema: public; Owner: equipo
--

ALTER TABLE ONLY public.auth_user_groups
    ADD CONSTRAINT auth_user_groups_group_id_97559544_fk_auth_group_id FOREIGN KEY (group_id) REFERENCES public.auth_group(id) DEFERRABLE INITIALLY DEFERRED;


--
-- Name: auth_user_groups auth_user_groups_user_id_6a12ed8b_fk_auth_user_id; Type: FK CONSTRAINT; Schema: public; Owner: equipo
--

ALTER TABLE ONLY public.auth_user_groups
    ADD CONSTRAINT auth_user_groups_user_id_6a12ed8b_fk_auth_user_id FOREIGN KEY (user_id) REFERENCES public.auth_user(id) DEFERRABLE INITIALLY DEFERRED;


--
-- Name: auth_user_user_permissions auth_user_user_permi_permission_id_1fbb5f2c_fk_auth_perm; Type: FK CONSTRAINT; Schema: public; Owner: equipo
--

ALTER TABLE ONLY public.auth_user_user_permissions
    ADD CONSTRAINT auth_user_user_permi_permission_id_1fbb5f2c_fk_auth_perm FOREIGN KEY (permission_id) REFERENCES public.auth_permission(id) DEFERRABLE INITIALLY DEFERRED;


--
-- Name: auth_user_user_permissions auth_user_user_permissions_user_id_a95ead1b_fk_auth_user_id; Type: FK CONSTRAINT; Schema: public; Owner: equipo
--

ALTER TABLE ONLY public.auth_user_user_permissions
    ADD CONSTRAINT auth_user_user_permissions_user_id_a95ead1b_fk_auth_user_id FOREIGN KEY (user_id) REFERENCES public.auth_user(id) DEFERRABLE INITIALLY DEFERRED;


--
-- Name: django_admin_log django_admin_log_content_type_id_c4bce8eb_fk_django_co; Type: FK CONSTRAINT; Schema: public; Owner: equipo
--

ALTER TABLE ONLY public.django_admin_log
    ADD CONSTRAINT django_admin_log_content_type_id_c4bce8eb_fk_django_co FOREIGN KEY (content_type_id) REFERENCES public.django_content_type(id) DEFERRABLE INITIALLY DEFERRED;


--
-- Name: django_admin_log django_admin_log_user_id_c564eba6_fk_auth_user_id; Type: FK CONSTRAINT; Schema: public; Owner: equipo
--

ALTER TABLE ONLY public.django_admin_log
    ADD CONSTRAINT django_admin_log_user_id_c564eba6_fk_auth_user_id FOREIGN KEY (user_id) REFERENCES public.auth_user(id) DEFERRABLE INITIALLY DEFERRED;


--
-- Name: vigifia_app_fuenteexterna vigifia_app_fuenteexterna_usuario_id_e547b1ad_fk_auth_user_id; Type: FK CONSTRAINT; Schema: public; Owner: equipo
--

ALTER TABLE ONLY public.vigifia_app_fuenteexterna
    ADD CONSTRAINT vigifia_app_fuenteexterna_usuario_id_e547b1ad_fk_auth_user_id FOREIGN KEY (usuario_id) REFERENCES public.auth_user(id) DEFERRABLE INITIALLY DEFERRED;


--
-- PostgreSQL database dump complete
--

